MultiLab,ReplicationProject,Result__K,Result__N,Est__MD,Est__SMD,Est__MD_K,Est__SMD_K,Tau2__MD,Tau2__SMD,Tau__MD,Tau__SMD,CoeffVar__MD,CoeffVar__SMD,I2__MD,I2__SMD,H2__MD,H2__SMD,QE__MD,QE__SMD,QEp__MD,QEp__SMD
RRR4,Sripada,23,2141,0.0027399514783083235,0.034254187013222734,23,23,1.1413308366609383e-4,0.020113144151295104,0.010683308647890587,0.14182081705904498,3.899086802254827,4.1402476434282205,34.1154977342119,31.796478066866374,1.5178076263911777,1.46619994342872,34.26303404004831,33.855104956189635,0.04618016794301135,0.05081558483117426
